country_code,state,icao,latitude,longitude
US,Alabama,KAIV,33.1065,-88.1978
US,Alabama,KALX,32.9147,-85.963
US,Alabama,KANB,33.5882,-85.8581
US,Alabama,KASN,33.5699,-86.0509
US,Alabama,KAUO,32.6151,-85.434
US,Alabama,KBFM,30.6268,-88.0681
US,Alabama,KBHM,33.5629,-86.7535
US,Alabama,KDCU,34.6527,-86.9454
US,Alabama,KDHN,31.3213,-85.4496
US,Alabama,KEDN,31.2997,-85.8999
US,Alabama,KEUF,31.9513,-85.1289
US,Alabama,KGAD,33.9726,-86.089
US,Alabama,KJKA,30.2905,-87.6718
US,Alabama,KHAB,34.1176,-87.9982
US,Alabama,KHSV,34.6372,-86.7751
US,Alabama,KHUA,34.6787,-86.6848
US,Alabama,KMGM,32.3006,-86.394
US,Alabama,KMOB,30.6912,-88.2428
US,Alabama,KMSL,34.7453,-87.6102
US,Alabama,KMVC,31.458,-87.351
US,Alabama,KMXF,32.3829,-86.3658
US,Alabama,KNBJ,30.3891,-87.6353
US,Alabama,KOZR,31.2757,-85.7134
US,Alabama,KPLR,33.5588,-86.2491
US,Alabama,KSEM,32.3439,-86.9878
US,Alabama,KTCL,33.2206,-87.6114
US,Alabama,KTOI,31.8604,-86.0121
US,Alaska,PAFM,67.1063,-157.857
US,Alaska,PADK,51.878,-176.646
US,Alaska,PADQ,57.75,-152.494
US,Alaska,KPHH,33.4517,-79.5262
US,Alaska,PFAL,66.5518,-152.622
US,Alaska,PAGN,57.5036,-134.585
US,Alaska,PAWI,70.638,-159.995
US,Alaska,PAAK,52.2203,-174.206
US,Alaska,PFAK,60.9029,-161.231
US,Alaska,PAKH,56.9387,-154.183
US,Alaska,PAKN,58.6768,-156.649
US,Alaska,PAKP,68.1336,-151.743
US,Alaska,PANC,61.1744,-149.996
US,Alaska,PANI,61.5816,-159.543
US,Alaska,PANT,55.0424,-131.572
US,Alaska,PANV,62.6467,-160.191
US,Alaska,PARC,68.1147,-145.579
US,Alaska,PATQ,70.4673,-157.436
US,Alaska,PAAT,52.8284,173.18
US,Alaska,PABE,60.7798,-161.838
US,Alaska,PAGQ,61.5361,-149.814
US,Alaska,PABI,63.9945,-145.722
US,Alaska,PABL,65.9816,-161.149
US,Alaska,PABM,59.3612,-155.259
US,Alaska,PABR,71.2854,-156.766
US,Alaska,PABA,70.134,-143.582
US,Alaska,PABT,66.9139,-151.529
US,Alaska,PABG,61.1722,-151.044
US,Alaska,PACD,55.2061,-162.725
US,Alaska,PACV,60.4918,-145.478
US,Alaska,PACE,65.5738,-144.783
US,Alaska,PACI,66.645,-143.74
US,Alaska,PFCL,58.8337,-158.529
US,Alaska,PACX,67.2522,-150.204
US,Alaska,PACK,60.1492,-164.286
US,Alaska,PACY,60.081,-142.495
US,Alaska,PACZ,61.7803,-166.039
US,Alaska,PADL,59.0447,-158.505
US,Alaska,PADE,66.0696,-162.766
US,Alaska,PADU,53.9001,-166.544
US,Alaska,PAEG,64.7764,-141.151
US,Alaska,PAED,61.251,-149.807
US,Alaska,PAEE,60.2137,-162.044
US,Alaska,PAII,58.1855,-157.375
US,Alaska,PAEH,58.6464,-162.063
US,Alaska,PAEI,64.6657,-147.102
US,Alaska,PFEL,64.6147,-162.272
US,Alaska,PAEL,58.1952,-136.347
US,Alaska,PAEM,62.7861,-164.491
US,Alaska,PAEN,60.5731,-151.245
US,Alaska,PANN,64.5473,-149.074
US,Alaska,PAFA,64.8151,-147.856
US,Alaska,PAFB,64.8375,-147.614
US,Alaska,PANR,58.2544,-134.898
US,Alaska,PAFR,61.2664,-149.653
US,Alaska,PAFW,62.5093,-153.892
US,Alaska,PFYU,66.5715,-145.25
US,Alaska,PAGA,64.7362,-156.937
US,Alaska,PAGM,63.7668,-171.733
US,Alaska,PAGB,68.4797,-149.49
US,Alaska,PAGK,62.1549,-145.457
US,Alaska,PAGL,64.5505,-163.007
US,Alaska,PAGZ,65.4021,-161.281
US,Alaska,PAGS,58.4253,-135.707
US,Alaska,PAHC,62.1883,-159.775
US,Alaska,PAOH,58.0961,-135.41
US,Alaska,PAHN,59.2438,-135.524
US,Alaska,PAHO,59.6456,-151.477
US,Alaska,PAHP,61.5239,-166.147
US,Alaska,PAHL,65.6979,-156.351
US,Alaska,PAHU,66.0411,-154.263
US,Alaska,PAHY,55.2063,-132.828
US,Alaska,PAIK,66.976,-160.437
US,Alaska,PAIG,59.324,-155.902
US,Alaska,PAKO,52.9416,-168.849
US,Alaska,PAIL,59.7544,-154.911
US,Alaska,PACR,65.8305,-144.076
US,Alaska,PAJN,58.355,-134.576
US,Alaska,PAFE,56.973,-133.946
US,Alaska,PAKV,64.3191,-158.741
US,Alaska,PAKD,57.8059,-152.374
US,Alaska,PAKF,54.8474,-163.41
US,Alaska,PAJZ,59.7266,-157.259
US,Alaska,PAKK,64.9395,-161.154
US,Alaska,PADY,59.9608,-162.881
US,Alaska,PALG,61.5363,-160.341
US,Alaska,PALB,57.5351,-153.978
US,Alaska,PAKW,55.5792,-133.076
US,Alaska,PAMB,58.9902,-159.05
US,Alaska,PANW,59.4499,-157.328
US,Alaska,PFKO,63.0306,-163.533
US,Alaska,PAPC,65.2537,-166.859
US,Alaska,PAKI,59.933,-164.031
US,Alaska,PAPE,55.906,-159.163
US,Alaska,PASM,62.0605,-163.302
US,Alaska,PAKT,55.3556,-131.714
US,Alaska,PFKT,65.3313,-166.466
US,Alaska,PFKA,60.8744,-162.524
US,Alaska,PAVC,55.1163,-162.266
US,Alaska,PAVL,67.7362,-164.563
US,Alaska,PAGG,59.8765,-163.169
US,Alaska,PAQH,59.7551,-161.845
US,Alaska,PFKW,60.7903,-161.444
US,Alaska,PAKY,57.5671,-154.45
US,Alaska,PFKU,64.8761,-157.727
US,Alaska,PAKL,58.9821,-155.121
US,Alaska,PAMH,63.886,-152.302
US,Alaska,PALN,70.9107,-153.242
US,Alaska,PALU,68.8751,-166.11
US,Alaska,PAMC,62.9529,-155.606
US,Alaska,PAIN,63.7326,-148.911
US,Alaska,PAMD,59.4499,-146.307
US,Alaska,PADM,61.8643,-162.026
US,Alaska,PAML,64.9976,-150.644
US,Alaska,PAMO,62.0954,-163.682
US,Alaska,PAMR,61.2135,-149.844
US,Alaska,PAMM,55.131,-131.578
US,Alaska,PABK,64.8068,-147.762
US,Alaska,PAMX,61.4371,-142.904
US,Alaska,PAMY,60.3714,-166.271
US,Alaska,PFCB,60.0773,-147.992
US,Alaska,PAFS,63.0186,-154.358
US,Alaska,PAOU,56.0075,-161.16
US,Alaska,PAGT,60.471,-164.701
US,Alaska,PANO,59.9802,-154.839
US,Alaska,PAQT,70.21,-151.006
US,Alaska,PANU,64.7293,-158.074
US,Alaska,PAOB,66.9123,-156.897
US,Alaska,PAOM,64.5122,-165.445
US,Alaska,PAOO,60.5414,-165.087
US,Alaska,KORI,57.8853,-152.846
US,Alaska,PAOR,62.9613,-141.929
US,Alaska,PFNO,66.8179,-161.019
US,Alaska,PAOT,66.8847,-162.599
US,Alaska,PAAQ,61.5949,-149.089
US,Alaska,PAOC,58.9065,-157.714
US,Alaska,PAPO,68.3488,-166.799
US,Alaska,PAPN,57.5804,-157.572
US,Alaska,PPIZ,69.7329,-163.005
US,Alaska,PAPK,60.7029,-161.778
US,Alaska,PAAL,56.006,-160.561
US,Alaska,PAPR,66.8141,-150.644
US,Alaska,PAPG,56.8017,-132.945
US,Alaska,PALJ,60.2017,-154.326
US,Alaska,PAAP,56.2468,-134.648
US,Alaska,PAPH,56.9591,-158.633
US,Alaska,PAPM,59.0114,-161.82
US,Alaska,PARY,64.7272,-155.47
US,Alaska,PADG,68.0321,-162.899
US,Alaska,PARS,61.7789,-161.319
US,Alaska,PASC,70.1947,-148.465
US,Alaska,PACM,61.8453,-165.571
US,Alaska,PASD,55.315,-160.523
US,Alaska,PAGY,59.4601,-135.316
US,Alaska,PAGH,66.8881,-157.162
US,Alaska,PASH,66.2496,-166.089
US,Alaska,PAHX,62.6923,-159.569
US,Alaska,PASI,57.0471,-135.362
US,Alaska,PFSH,64.3711,-161.224
US,Alaska,PASW,61.9653,-151.191
US,Alaska,PASL,61.7005,-157.166
US,Alaska,PAMK,63.4901,-162.11
US,Alaska,PASP,61.812,-147.507
US,Alaska,PASN,57.1673,-170.22
US,Alaska,PASO,59.4424,-151.704
US,Alaska,PAPB,56.5783,-169.662
US,Alaska,PASA,63.6864,-170.493
US,Alaska,PASV,61.0974,-155.574
US,Alaska,PAWD,60.1269,-149.419
US,Alaska,PASX,60.4757,-151.034
US,Alaska,PASY,52.7123,174.114
US,Alaska,PATA,65.1744,-152.109
US,Alaska,PATK,62.3205,-150.094
US,Alaska,PFTO,63.3295,-142.954
US,Alaska,PATE,65.2404,-166.339
US,Alaska,PATL,62.8944,-155.977
US,Alaska,PATC,65.5631,-167.922
US,Alaska,PATG,59.0528,-160.397
US,Alaska,PAST,63.3315,-149.127
US,Alaska,PAUM,69.3711,-152.136
US,Alaska,PAUN,63.8884,-160.799
US,Alaska,PAIM,65.9928,-153.704
US,Alaska,PAKU,70.3308,-149.598
US,Alaska,PAVA,61.5409,-165.6
US,Alaska,PAVD,61.1339,-146.248
US,Alaska,PAVE,67.0087,-146.366
US,Alaska,PAIW,65.6226,-168.095
US,Alaska,PAWB,66.3622,-147.407
US,Alaska,PALR,67.5045,-148.483
US,Alaska,PASK,66.6001,-159.986
US,Alaska,PAWM,64.6892,-163.413
US,Alaska,PANA,60.6903,-161.979
US,Alaska,PAUO,61.7542,-150.052
US,Alaska,PAWG,56.4843,-132.37
US,Alaska,PACS,61.1821,-149.863
US,Alaska,PFWS,58.7034,-157.008
US,Alaska,PAWN,67.5661,-162.975
US,Alaska,PAWS,61.5717,-149.54
US,Alaska,PAEW,60.9391,-164.641
US,Alaska,PAYA,59.5033,-139.66
US,Arizona,KAVQ,32.4096,-111.218
US,Arizona,KIWA,33.3078,-111.655
US,Arizona,KBXK,33.4204,-112.686
US,Arizona,KCFT,32.9528,-109.21
US,Arizona,KCGZ,32.9549,-111.767
US,Arizona,KDGL,31.3426,-109.506
US,Arizona,KDMA,32.1665,-110.883
US,Arizona,KDUG,31.469,-109.604
US,Arizona,KDVT,33.6883,-112.083
US,Arizona,KFHU,31.5885,-110.344
US,Arizona,KFLG,35.1385,-111.671
US,Arizona,KGCN,35.9524,-112.147
US,Arizona,KGYR,33.4225,-112.376
US,Arizona,KHII,34.5711,-114.358
US,Arizona,KIFP,35.1574,-114.56
US,Arizona,KIGM,35.2595,-113.938
US,Arizona,KINW,35.0219,-110.723
US,Arizona,KLGF,32.86,-114.397
US,Arizona,KLUF,33.535,-112.383
US,Arizona,KFFZ,33.4608,-111.728
US,Arizona,KMZJ,32.5106,-111.328
US,Arizona,KOLS,31.4177,-110.848
US,Arizona,KPGA,36.9261,-111.448
US,Arizona,KPHX,33.4343,-112.012
US,Arizona,KPAN,34.2568,-111.339
US,Arizona,KPRC,34.6545,-112.42
US,Arizona,KSAD,32.8548,-109.635
US,Arizona,KSDL,33.6229,-111.911
US,Arizona,KSEZ,34.8486,-111.788
US,Arizona,KSJN,34.5186,-109.379
US,Arizona,KSOW,34.2655,-110.006
US,Arizona,KTUS,32.1161,-110.941
US,Arizona,KTYL,34.4528,-110.115
US,Arizona,KNYL,32.6566,-114.606
US,Arkansas,KAGO,33.228,-93.217
US,Arkansas,KARG,36.1247,-90.9251
US,Arkansas,KAWM,35.1351,-90.2344
US,Arkansas,KBVX,35.7262,-91.6473
US,Arkansas,KBYH,35.9643,-89.944
US,Arkansas,KCDH,33.6228,-92.7634
US,Arkansas,KCVK,36.2649,-91.5626
US,Arkansas,KCRT,33.1783,-91.8802
US,Arkansas,KELD,33.221,-92.8133
US,Arkansas,KFCY,34.942,-90.775
US,Arkansas,KFLP,36.2909,-92.5903
US,Arkansas,KFSM,35.3366,-94.3674
US,Arkansas,KFYV,36.0051,-94.1701
US,Arkansas,KHEE,34.5766,-90.6762
US,Arkansas,KHKA,35.9404,-89.8308
US,Arkansas,KHOT,34.478,-93.0962
US,Arkansas,KHRO,36.2615,-93.1547
US,Arkansas,KJBR,35.8317,-90.6464
US,Arkansas,KLIT,34.7294,-92.2243
US,Arkansas,KLRF,34.9169,-92.1497
US,Arkansas,KMPJ,35.1389,-92.9092
US,Arkansas,KMXA,35.8944,-90.1546
US,Arkansas,KPBF,34.1731,-91.9356
US,Arkansas,KPGR,36.0629,-90.5078
US,Arkansas,KROG,36.3723,-94.1069
US,Arkansas,KSGT,34.5995,-91.575
US,Arkansas,KSLG,36.1919,-94.49
US,Arkansas,KASG,36.1764,-94.1193
US,Arkansas,KSRC,35.2106,-91.7375
US,Arkansas,KTXK,33.4537,-93.991
US,Arkansas,KBPK,36.3689,-92.4705
US,Arkansas,KXNA,36.2819,-94.3068
US,California,KACV,40.9781,-124.109
US,California,KAHC,40.2662,-120.153
US,California,KAPC,38.2132,-122.281
US,California,KAPV,34.5753,-117.186
US,California,KAUN,38.9548,-121.082
US,California,KAVX,33.4049,-118.416
US,California,KBAB,39.1361,-121.437
US,California,KBFL,35.4336,-119.057
US,California,KBIH,37.3731,-118.364
US,California,KBLH,33.6192,-114.717
US,California,KBLU,39.275,-120.71
US,California,KBNG,33.9231,-116.851
US,California,KBUR,34.2007,-118.359
US,California,KBWC,32.9929,-115.517
US,California,KBYS,35.2805,-116.63
US,California,KCCB,34.1116,-117.688
US,California,KCCR,37.9897,-122.057
US,California,KCEC,41.7802,-124.237
US,California,KCIC,39.7954,-121.858
US,California,KCRQ,33.1283,-117.28
US,California,KCLR,33.1315,-115.521
US,California,KCNO,33.9747,-117.637
US,California,KCPM,33.89,-118.244
US,California,KCRO,36.1025,-119.595
US,California,KCXL,32.6695,-115.513
US,California,KDAG,34.8537,-116.787
US,California,KEDW,34.9054,-117.884
US,California,KEED,34.7663,-114.623
US,California,KEKA,40.8034,-124.113
US,California,KEMT,34.0861,-118.035
US,California,KFAT,36.7762,-119.718
US,California,KFCH,36.7324,-119.82
US,California,KFUL,33.872,-117.98
US,California,KHAF,37.5134,-122.501
US,California,KHHR,33.9228,-118.335
US,California,KCVH,36.8933,-121.41
US,California,KHMT,33.734,-117.023
US,California,KHWD,37.6592,-122.122
US,California,KIPL,32.8342,-115.579
US,California,KIYK,35.6588,-117.83
US,California,KKIC,36.228,-121.122
US,California,KLAX,33.9425,-118.408
US,California,KLGB,33.8177,-118.152
US,California,KLPC,34.6656,-120.468
US,California,KLSN,37.0629,-120.869
US,California,KLVK,37.6934,-121.82
US,California,KMAE,36.9886,-120.112
US,California,KMCC,38.6676,-121.401
US,California,KMCE,37.2847,-120.514
US,California,KMER,37.3805,-120.568
US,California,KMHR,38.5539,-121.298
US,California,KMHV,35.0594,-118.152
US,California,KMIT,35.5074,-119.192
US,California,KMMH,37.6241,-118.838
US,California,KMOD,37.6258,-120.954
US,California,KMRY,36.587,-121.843
US,California,KMYF,32.8157,-117.14
US,California,KMYV,39.0978,-121.57
US,California,KNJK,32.8292,-115.672
US,California,KNKX,32.8684,-117.143
US,California,KNLC,36.333,-119.952
US,California,KDVO,38.1436,-122.556
US,California,KNRC,37.408,-121.109
US,California,KNRS,32.5667,-117.117
US,California,KNTD,34.1203,-119.121
US,California,KNUQ,37.4161,-122.049
US,California,KNZY,32.6992,-117.215
US,California,KOAK,37.7213,-122.221
US,California,KOAR,36.6819,-121.762
US,California,KOKB,33.2173,-117.354
US,California,KONT,34.056,-117.601
US,California,KOVE,39.4878,-121.622
US,California,KOXR,34.2008,-119.207
US,California,KPAO,37.4611,-122.115
US,California,KPMD,34.6294,-118.085
US,California,KPOC,34.0916,-117.782
US,California,KPRB,35.6729,-120.627
US,California,KPSP,33.8297,-116.507
US,California,KPTV,36.0296,-119.063
US,California,KPVF,38.7242,-120.753
US,California,KRAL,33.9519,-117.445
US,California,KRBL,40.1507,-122.252
US,California,KRDD,40.509,-122.293
US,California,KRHV,37.3329,-121.819
US,California,KRIR,33.9897,-117.411
US,California,KRIV,33.8807,-117.259
US,California,KMPI,37.5109,-120.04
US,California,KSAC,38.5125,-121.493
US,California,KSAN,32.7336,-117.19
US,California,KSAS,33.2414,-115.952
US,California,KSBA,34.4262,-119.84
US,California,KSBD,34.0954,-117.235
US,California,KSBP,35.2368,-120.642
US,California,KSCK,37.8942,-121.238
US,California,KSDM,32.5723,-116.98
US,California,KSEE,32.8262,-116.972
US,California,KSFO,37.619,-122.375
US,California,KSIY,41.7781,-122.473
US,California,KSJC,37.3626,-121.929
US,California,KSMF,38.6954,-121.591
US,California,KSMO,34.0158,-118.451
US,California,KSMX,34.8989,-120.457
US,California,KSNA,33.6757,-117.868
US,California,KSNS,36.6628,-121.606
US,California,KSPA,34.9157,-81.9565
US,California,KIZA,34.6068,-120.076
US,California,KSQL,37.5119,-122.25
US,California,KSTS,38.509,-122.813
US,California,KSMS,33.995,-80.3613
US,California,KSUU,38.2627,-121.927
US,California,KSVE,40.3757,-120.573
US,California,KSZN,34.0606,-119.915
US,California,KSZP,34.3472,-119.061
US,California,KTRK,39.32,-120.14
US,California,KTLR,36.1563,-119.326
US,California,KTNP,34.1316,-115.946
US,California,KTOA,33.8034,-118.34
US,California,KTRM,33.6267,-116.16
US,California,KTSP,35.135,-118.439
US,California,KTVL,38.8939,-119.995
US,California,KUDD,33.7484,-116.275
US,California,KUKI,39.126,-123.201
US,California,KVBG,34.7373,-120.584
US,California,KVCV,34.5975,-117.383
US,California,KVIS,36.3187,-119.393
US,California,KVNY,34.2098,-118.49
US,California,KWHP,34.2593,-118.413
US,California,KWJF,34.7411,-118.219
US,California,KWLW,39.5164,-122.218
US,California,KWVI,36.9357,-121.79
US,Colorado,KAFF,38.9697,-104.813
US,Colorado,KAKO,40.1756,-103.222
US,Colorado,KALS,37.4349,-105.867
US,Colorado,KAPA,39.5701,-104.849
US,Colorado,KASE,39.2232,-106.869
US,Colorado,KBKF,39.7017,-104.752
US,Colorado,KBJC,39.9088,-105.117
US,Colorado,KCEZ,37.303,-108.628
US,Colorado,KCAG,40.4952,-107.522
US,Colorado,KCOS,38.8058,-104.701
US,Colorado,KDEN,39.8617,-104.673
US,Colorado,KDRO,37.1515,-107.754
US,Colorado,KEGE,39.6426,-106.918
US,Colorado,KFCS,38.6784,-104.757
US,Colorado,KFNL,40.4518,-105.011
US,Colorado,KGJT,39.1224,-108.527
US,Colorado,KGUC,38.5339,-106.933
US,Colorado,KGWS,39.5083,-107.311
US,Colorado,KGXY,40.4374,-104.633
US,Colorado,KHDN,40.4812,-107.218
US,Colorado,KLAA,38.0697,-102.688
US,Colorado,KLIC,39.2748,-103.666
US,Colorado,KLXV,39.2203,-106.317
US,Colorado,KMTJ,38.5098,-107.894
US,Colorado,KPSO,37.2863,-107.056
US,Colorado,KPUB,38.2891,-104.497
US,Colorado,KRIL,39.5263,-107.727
US,Colorado,KSBS,40.5163,-106.866
US,Colorado,KANK,38.5383,-106.049
US,Colorado,KSTK,40.6153,-103.265
US,Colorado,KTAD,37.2594,-104.341
US,Colorado,KTEX,37.9538,-107.908
US,Colorado,KBDU,40.0394,-105.226
US,Connecticut,KBDL,41.9392,-72.6833
US,Connecticut,KBDR,41.1635,-73.1262
US,Connecticut,KDXR,41.3715,-73.4822
US,Connecticut,KGON,41.3301,-72.0451
US,Connecticut,KHFD,41.7367,-72.6494
US,Connecticut,KHVN,41.2637,-72.8868
US,Connecticut,KOXC,41.4786,-73.1352
US,Delaware,KDOV,39.1295,-75.466
US,Delaware,KGED,38.6892,-75.3589
US,Delaware,KILG,39.6787,-75.6065
US,Florida,KAAF,29.7275,-85.0275
US,Florida,KAPF,26.1526,-81.7753
US,Florida,KAVO,27.5912,-81.5278
US,Florida,KBCT,26.3785,-80.1077
US,Florida,KBOW,27.9434,-81.7834
US,Florida,KCDK,29.1342,-83.0505
US,Florida,KCEW,30.7788,-86.5221
US,Florida,KCLW,27.9767,-82.7587
US,Florida,KCOF,28.2349,-80.6101
US,Florida,KCOI,28.3416,-80.6855
US,Florida,KCRG,30.3363,-81.5144
US,Florida,KCTY,29.6355,-83.1048
US,Florida,KDAB,29.1799,-81.0581
US,Florida,KDTS,30.4001,-86.4715
US,Florida,KECP,30.3571,-85.7954
US,Florida,KEGI,30.6504,-86.5229
US,Florida,KEYW,24.5561,-81.7596
US,Florida,KFLL,26.0726,-80.1527
US,Florida,KFMY,26.5866,-81.8633
US,Florida,KFPR,27.4951,-80.3683
US,Florida,KFXE,26.1973,-80.1707
US,Florida,KGIF,28.0629,-81.7533
US,Florida,KGNV,29.6901,-82.2718
US,Florida,KHST,25.4886,-80.3836
US,Florida,KHWO,26.0012,-80.2407
US,Florida,KIMM,26.4332,-81.401
US,Florida,KISM,28.2898,-81.4371
US,Florida,KJAX,30.4941,-81.6879
US,Florida,KLAL,27.9889,-82.0186
US,Florida,KLCQ,30.182,-82.5769
US,Florida,KLEE,28.8231,-81.8087
US,Florida,KLNA,26.593,-80.0851
US,Florida,KMCF,27.8493,-82.5212
US,Florida,KMCO,28.4294,-81.309
US,Florida,KMIA,25.7932,-80.2906
US,Florida,KMLB,28.1028,-80.6453
US,Florida,KMKY,25.995,-81.6725
US,Florida,KMTH,24.7261,-81.0514
US,Florida,KNEN,30.3539,-81.8719
US,Florida,KNIP,30.2358,-81.6806
US,Florida,KNPA,30.3527,-87.3186
US,Florida,KNQX,24.5758,-81.6889
US,Florida,KNRB,30.3911,-81.4247
US,Florida,KNSE,30.7242,-87.0219
US,Florida,KNUN,30.4694,-87.3381
US,Florida,KOBE,27.2628,-80.8498
US,Florida,KOCF,29.1726,-82.2242
US,Florida,KOPF,25.907,-80.2784
US,Florida,KORL,28.5455,-81.3329
US,Florida,KPAM,30.0696,-85.5754
US,Florida,KPBI,26.6832,-80.0956
US,Florida,KPGD,26.9202,-81.9905
US,Florida,KPHK,26.785,-80.6934
US,Florida,KPIE,27.9102,-82.6874
US,Florida,KPNS,30.4734,-87.1866
US,Florida,KPMP,26.2471,-80.1111
US,Florida,KRSW,26.5362,-81.7552
US,Florida,KSEF,27.4564,-81.3424
US,Florida,KSFB,28.7776,-81.2375
US,Florida,KSPG,27.7651,-82.627
US,Florida,KSRQ,27.3954,-82.5544
US,Florida,KSUA,27.1817,-80.2211
US,Florida,KTIX,28.5148,-80.7992
US,Florida,KTLH,30.3965,-84.3503
US,Florida,KTMB,25.6479,-80.4328
US,Florida,KTNT,25.8618,-80.897
US,Florida,KTPA,27.9755,-82.5332
US,Florida,KTPF,27.9156,-82.4493
US,Florida,KSGJ,29.9592,-81.3398
US,Florida,KVNC,27.0716,-82.4403
US,Florida,KVPS,30.4832,-86.5254
US,Florida,KVQQ,30.2187,-81.8767
US,Florida,KVRB,27.6556,-80.4179
US,Florida,KZPH,28.2282,-82.1559
US,Georgia,KABY,31.5355,-84.1945
US,Georgia,KAGS,33.3699,-81.9645
US,Georgia,KAHN,33.9486,-83.3263
US,Georgia,KATL,33.6367,-84.4281
US,Georgia,KAYS,31.2491,-82.3955
US,Georgia,KBGE,30.9715,-84.6374
US,Georgia,KBQK,31.2588,-81.4665
US,Georgia,KCSG,32.5163,-84.9389
US,Georgia,KDBN,32.5644,-82.9853
US,Georgia,KDNL,33.4665,-82.0394
US,Georgia,KDNN,34.7229,-84.8702
US,Georgia,KFTY,33.7791,-84.5214
US,Georgia,KGVL,34.2726,-83.8302
US,Georgia,KLGC,33.0089,-85.0726
US,Georgia,KLHW,31.8891,-81.5623
US,Georgia,KLSF,32.3373,-84.9913
US,Georgia,KLZU,33.9781,-83.9624
US,Georgia,KMAC,32.8221,-83.562
US,Georgia,KMCN,32.6928,-83.6492
US,Georgia,KMGE,33.9154,-84.5163
US,Georgia,KMGR,31.0849,-83.8033
US,Georgia,KMLJ,33.1542,-83.2407
US,Georgia,KMQW,32.0946,-82.8822
US,Georgia,KMUL,31.1378,-83.7042
US,Georgia,KPDK,33.8756,-84.302
US,Georgia,KPIM,32.8407,-84.8824
US,Georgia,KRMG,34.3506,-85.158
US,Georgia,KSAV,32.1276,-81.2021
US,Georgia,KSSI,31.1518,-81.3913
US,Georgia,KSVN,32.01,-81.1457
US,Georgia,KSYV,31.5585,-83.8957
US,Georgia,KTBR,32.4827,-81.7369
US,Georgia,KTMA,31.429,-83.4885
US,Georgia,KTOC,34.5938,-83.2958
US,Georgia,KTVI,30.9016,-83.8813
US,Georgia,KVAD,30.9678,-83.193
US,Georgia,KVDI,32.1927,-82.3712
US,Georgia,KVLD,30.7825,-83.2767
US,Georgia,KWDR,33.9829,-83.6674
US,Georgia,KWRB,32.6401,-83.5919
US,Hawaii,PHBK,22.0228,-159.785
US,Hawaii,PHSF,19.7601,-155.554
US,Hawaii,NSFQ,-14.2172,-169.425
US,Hawaii,PHDH,21.5795,-158.197
US,Hawaii,PHHI,21.4835,-158.04
US,Hawaii,PHNL,21.3206,-157.924
US,Hawaii,PHHN,20.7956,-156.014
US,Hawaii,PHTO,19.7214,-155.048
US,Hawaii,PHJH,20.9629,-156.673
US,Hawaii,PHJR,21.3074,-158.07
US,Hawaii,PHKO,19.7388,-156.046
US,Hawaii,PHLI,21.976,-159.339
US,Hawaii,PHNY,20.7856,-156.951
US,Hawaii,PHLU,21.211,-156.974
US,Hawaii,PMDY,28.2017,-177.381
US,Hawaii,PHMK,21.1529,-157.096
US,Hawaii,PHMU,20.0013,-155.668
US,Hawaii,PHNG,21.4505,-157.768
US,Hawaii,PHOG,20.8986,-156.43
US,Hawaii,PHPA,21.8969,-159.603
US,Hawaii,PHUP,20.2653,-155.86
US,Idaho,KBOI,43.5644,-116.223
US,Idaho,KBYI,42.5426,-113.772
US,Idaho,KLLJ,44.523,-114.218
US,Idaho,KCOE,47.7743,-116.82
US,Idaho,KGNG,42.9172,-114.765
US,Idaho,KIDA,43.5136,-112.071
US,Idaho,KGIC,45.9426,-116.123
US,Idaho,KLWS,46.3745,-117.015
US,Idaho,KMLD,42.1666,-112.297
US,Idaho,KMUO,43.0436,-115.872
US,Idaho,KMYL,44.8897,-116.101
US,Idaho,KPIH,42.9098,-112.596
US,Idaho,KRXE,43.8339,-111.805
US,Idaho,KSMN,45.1238,-113.881
US,Idaho,KSUN,43.5044,-114.296
US,Idaho,KTWF,42.4818,-114.488
US,Illinois,KALN,38.8903,-90.046
US,Illinois,KARR,41.7719,-88.4757
US,Illinois,KBLV,38.5452,-89.8352
US,Illinois,KBMI,40.4771,-88.9159
US,Illinois,KCIR,37.0645,-89.2196
US,Illinois,KCMI,40.0392,-88.2781
US,Illinois,KCPS,38.5707,-90.1562
US,Illinois,KDEC,39.8346,-88.8657
US,Illinois,KDNV,40.1992,-87.5959
US,Illinois,KDPA,41.9078,-88.2486
US,Illinois,KDVN,41.6103,-90.5883
US,Illinois,KENL,38.5151,-89.0911
US,Illinois,KEOK,40.4599,-91.4285
US,Illinois,KFEP,42.2462,-89.582
US,Illinois,KGBG,40.938,-90.4311
US,Illinois,KGRE,38.8362,-89.3784
US,Illinois,KHSB,37.8113,-88.5503
US,Illinois,KIJX,39.7707,-90.238
US,Illinois,KIKK,41.0714,-87.8463
US,Illinois,KJOT,41.5178,-88.1755
US,Illinois,KLOT,41.6073,-88.0962
US,Illinois,KLWV,38.7643,-87.6055
US,Illinois,KMDH,37.7781,-89.252
US,Illinois,KMDW,41.7861,-87.7525
US,Illinois,KMLI,41.4485,-90.5075
US,Illinois,KMQB,40.5201,-90.6524
US,Illinois,KMTO,39.4779,-88.2792
US,Illinois,KMVN,38.3219,-88.8535
US,Illinois,KMWA,37.755,-89.0111
US,Illinois,KOLY,38.7207,-88.1749
US,Illinois,KORD,41.9786,-87.9047
US,Illinois,KPIA,40.6642,-89.6933
US,Illinois,KRFD,42.1953,-89.0972
US,Illinois,KSAR,38.1489,-89.6987
US,Illinois,KSLO,38.6429,-88.9642
US,Illinois,KSPI,39.8441,-89.6779
US,Illinois,KSQI,41.7428,-89.6763
US,Illinois,KUGN,42.4222,-87.8679
US,Illinois,KUIN,39.9427,-91.1946
US,Illinois,KVLA,38.9915,-89.1662
US,Illinois,KVYS,41.3519,-89.1531
US,Indiana,KAID,40.1086,-85.613
US,Indiana,KANQ,41.6397,-85.0835
US,Indiana,KBFR,38.84,-86.4454
US,Indiana,KBMG,39.146,-86.6167
US,Indiana,KCEV,39.6985,-85.1297
US,Indiana,KBAK,39.2619,-85.8963
US,Indiana,KEKM,41.7194,-86.0032
US,Indiana,KEVV,38.037,-87.5324
US,Indiana,KFRH,38.5062,-86.6369
US,Indiana,KFWA,40.9785,-85.1951
US,Indiana,VOGB,26.6319,-78.3592
US,Indiana,KGFD,39.7903,-85.7361
US,Indiana,KGSH,41.5264,-85.7929
US,Indiana,KGUS,40.6481,-86.1521
US,Indiana,KHLB,39.3445,-85.2583
US,Indiana,KHNB,38.249,-86.9537
US,Indiana,KIND,39.7173,-86.2944
US,Indiana,KLAF,40.4123,-86.9369
US,Indiana,KPPO,41.5725,-86.7345
US,Indiana,KIMS,38.7589,-85.4655
US,Indiana,KMGC,41.7033,-86.8212
US,Indiana,KMIE,40.2423,-85.3959
US,Indiana,KMZZ,40.4899,-85.6797
US,Indiana,KOKK,40.5282,-86.059
US,Indiana,KRCR,41.0656,-86.1817
US,Indiana,KRID,39.7572,-84.8428
US,Indiana,KRZL,40.9479,-87.1826
US,Indiana,KSBN,41.7087,-86.3173
US,Indiana,KSER,38.9236,-85.9074
US,Indiana,KSIV,39.1147,-87.4483
US,Indiana,KSMD,41.1434,-85.1528
US,Indiana,KVPZ,41.454,-87.0071
US,Iowa,KAIO,41.4073,-95.0469
US,Iowa,KALO,42.5571,-92.4003
US,Iowa,KAMW,41.992,-93.6218
US,Iowa,KAXA,43.0779,-94.272
US,Iowa,KBNW,42.0496,-93.8476
US,Iowa,KBRL,40.7832,-91.1255
US,Iowa,KCBF,41.2592,-95.7606
US,Iowa,KCCY,43.0726,-92.6108
US,Iowa,KCID,41.8847,-91.7108
US,Iowa,KCIN,42.0462,-94.789
US,Iowa,KCSQ,41.0214,-94.3633
US,Iowa,KCWI,41.8311,-90.3291
US,Iowa,KDBQ,42.402,-90.7095
US,Iowa,KDEH,43.2755,-91.7394
US,Iowa,KDNS,41.9864,-95.3807
US,Iowa,KDSM,41.534,-93.6631
US,Iowa,KEBS,42.4366,-93.8689
US,Iowa,KEFW,42.0102,-94.3426
US,Iowa,KEST,43.4074,-94.7464
US,Iowa,KFFL,41.0533,-91.9789
US,Iowa,KFSW,40.6593,-91.3268
US,Iowa,KFOD,42.5515,-94.1926
US,Iowa,KFXY,43.2347,-93.6241
US,Iowa,KHPT,42.7237,-93.2263
US,Iowa,KICL,40.7218,-95.0264
US,Iowa,KIDG,42.3325,-95.445
US,Iowa,KIFA,42.4708,-93.27
US,Iowa,KIOW,41.6392,-91.5465
US,Iowa,KLRJ,42.778,-96.1937
US,Iowa,KMCW,43.1578,-93.3313
US,Iowa,KMIW,42.1128,-92.9178
US,Iowa,KMPZ,40.9466,-91.5111
US,Iowa,KMUT,41.3678,-91.1482
US,Iowa,KMXO,42.2263,-91.1635
US,Iowa,KOMA,41.3032,-95.8941
US,Iowa,KOOA,41.0048,-93.3096
US,Iowa,KOTM,41.1066,-92.4479
US,Iowa,KPOH,36.2456,-90.9553
US,Iowa,KPRO,41.828,-94.1599
US,Iowa,KSLB,42.5973,-95.2407
US,Iowa,KSPW,43.1655,-95.2028
US,Iowa,KSUX,42.4026,-96.3844
US,Iowa,KTNU,41.6744,-93.0217
US,Kansas,KANY,37.1585,-98.0796
US,Kansas,KBEC,37.6945,-97.215
US,Kansas,KCBK,39.4275,-101.047
US,Kansas,KCEA,37.6486,-97.2506
US,Kansas,KCFV,37.094,-95.5719
US,Kansas,KCNK,39.5493,-97.6523
US,Kansas,KCNU,37.6688,-95.4851
US,Kansas,KDDC,37.7634,-99.9656
US,Kansas,KEQA,37.7741,-96.8176
US,Kansas,KEMP,38.3321,-96.1912
US,Kansas,KEWK,38.0582,-97.2745
US,Kansas,KFLV,39.3683,-94.9147
US,Kansas,KFOE,38.9509,-95.6636
US,Kansas,KFRI,39.0553,-96.7645
US,Kansas,KFSK,37.7984,-94.7694
US,Kansas,KGBD,38.3443,-98.8592
US,Kansas,KGCK,37.9275,-100.724
US,Kansas,KGLD,39.3706,-101.699
US,Kansas,KHLC,39.3788,-99.8315
US,Kansas,KHUT,38.0655,-97.8606
US,Kansas,KHYS,38.8422,-99.2732
US,Kansas,KIAB,37.6219,-97.2682
US,Kansas,KICT,37.6499,-97.4331
US,Kansas,KIDP,37.1584,-95.7784
US,Kansas,KIXD,38.8309,-94.8903
US,Kansas,KLBL,37.0442,-100.96
US,Kansas,KLWC,39.0112,-95.2166
US,Kansas,KLYO,38.3428,-98.2269
US,Kansas,KMHK,39.141,-96.6708
US,Kansas,KMPR,38.3524,-97.6913
US,Kansas,KOJC,38.8476,-94.7376
US,Kansas,KPPF,37.3299,-95.5062
US,Kansas,KPTS,37.4478,-94.7311
US,Kansas,KPTT,37.7016,-98.7469
US,Kansas,KRSL,38.8721,-98.8118
US,Kansas,KSLN,38.791,-97.6522
US,Kansas,KTOP,39.0687,-95.6225
US,Kansas,KWLD,37.1686,-97.0376
US,Kentucky,KBRY,37.8143,-85.4996
US,Kentucky,KBWG,36.9645,-86.4197
US,Kentucky,KCEY,36.6646,-88.3728
US,Kentucky,KCVG,39.0488,-84.6678
US,Kentucky,KEKX,37.686,-85.925
US,Kentucky,KFFT,38.1825,-84.9047
US,Kentucky,KFTK,37.9071,-85.9721
US,Kentucky,KGLW,37.0318,-85.9537
US,Kentucky,KHOP,36.6686,-87.4962
US,Kentucky,KLEX,38.0365,-84.6059
US,Kentucky,KLOU,38.228,-85.6637
US,Kentucky,KLOZ,37.0822,-84.0849
US,Kentucky,KOWB,37.7401,-87.1668
US,Kentucky,KPAH,37.0608,-88.7738
US,Kentucky,KPBX,37.5618,-82.5664
US,Kentucky,KSDF,38.1744,-85.736
US,Kentucky,KSME,37.0534,-84.6159
US,Louisiana,KAEX,31.3274,-92.5498
US,Louisiana,KARA,30.0378,-91.8839
US,Louisiana,KBAD,32.5018,-93.6627
US,Louisiana,KBTR,30.5332,-91.1496
US,Louisiana,KBXA,30.8137,-89.865
US,Louisiana,KCWF,30.2106,-93.1432
US,Louisiana,KDRI,30.8317,-93.3399
US,Louisiana,KDTN,32.5402,-93.745
US,Louisiana,KESF,31.3949,-92.2958
US,Louisiana,KHUM,29.5665,-90.6604
US,Louisiana,KLCH,30.1261,-93.2233
US,Louisiana,KLFT,30.2053,-91.9876
US,Louisiana,KMLU,32.5109,-92.0377
US,Louisiana,KMSY,29.9934,-90.258
US,Louisiana,KNBG,29.8253,-90.035
US,Louisiana,KNEW,30.0424,-90.0283
US,Louisiana,KOPL,30.5584,-92.0994
US,Louisiana,KPOE,31.0448,-93.1917
US,Louisiana,KPTN,29.7095,-91.339
US,Louisiana,KRSN,32.5144,-92.5917
US,Louisiana,KSHV,32.4466,-93.8256
US,Maine,KAUG,44.3206,-69.7973
US,Maine,KBGR,44.8074,-68.8281
US,Maine,KBHB,44.45,-68.3615
US,Maine,KCAR,46.8715,-68.0179
US,Maine,KIZG,43.9911,-70.9479
US,Maine,KHUL,46.1231,-67.7921
US,Maine,KIWI,43.9614,-69.7126
US,Maine,KLEW,44.0485,-70.2835
US,Maine,KMLT,45.6478,-68.6856
US,Maine,KBXM,43.8922,-69.9386
US,Maine,KOLD,44.9528,-68.6743
US,Maine,KOWK,44.7155,-69.8665
US,Maine,KPNN,45.2007,-67.5644
US,Maine,KPQI,46.689,-68.0448
US,Maine,KPWM,43.6462,-70.3093
US,Maine,KRKD,44.0601,-69.0992
US,Maine,KSFM,43.3939,-70.708
US,Maine,KFVE,47.2855,-68.3128
US,Maine,KWVL,44.5332,-69.6755
US,Maryland,KADW,38.8108,-76.867
US,Maryland,KANP,38.9429,-76.5684
US,Maryland,KAPG,39.4662,-76.1688
US,Maryland,KBWI,39.1753,-76.6683
US,Maryland,KCBE,39.6154,-78.7609
US,Maryland,KCGE,38.5393,-76.0304
US,Maryland,KCGS,38.9806,-76.9223
US,Maryland,KESN,38.8042,-76.069
US,Maryland,KFDK,39.4176,-77.3743
US,Maryland,KFME,39.0854,-76.7594
US,Maryland,KGAI,39.1683,-77.166
US,Maryland,KHGR,39.7079,-77.7295
US,Maryland,KMTN,39.3257,-76.4138
US,Maryland,KNHK,38.286,-76.4118
US,Maryland,KOXB,38.3104,-75.124
US,Maryland,KSBY,38.3405,-75.5103
US,Massachusetts,KACK,41.2531,-70.0602
US,Massachusetts,TJAB,18.45,-66.6753
US,Massachusetts,KBAF,42.1578,-72.7156
US,Massachusetts,KBED,42.47,-71.289
US,Massachusetts,KBOS,42.3643,-71.0052
US,Massachusetts,TJBQ,18.4949,-67.1294
US,Massachusetts,KBVY,42.5842,-70.9165
US,Massachusetts,TJCP,18.3133,-65.3043
US,Massachusetts,KEWB,41.6761,-70.9569
US,Massachusetts,TJFA,18.3089,-65.6619
US,Massachusetts,KFMH,41.6584,-70.5214
US,Massachusetts,KGBR,42.1842,-73.4032
US,Massachusetts,KGDM,42.55,-72.0161
US,Massachusetts,KHYA,41.6693,-70.2804
US,Massachusetts,KLWM,42.7172,-71.1234
US,Massachusetts,TJMZ,18.2557,-67.1485
US,Massachusetts,KMVY,41.3931,-70.6143
US,Massachusetts,TJRV,18.2453,-65.6434
US,Massachusetts,KORH,42.2673,-71.8757
US,Massachusetts,KOWD,42.1905,-71.1729
US,Massachusetts,KPSF,42.4268,-73.2929
US,Massachusetts,KPVC,42.0719,-70.2214
US,Massachusetts,KPYM,41.909,-70.7288
US,Massachusetts,TJVQ,18.1348,-65.4936
US,Michigan,KACB,44.9886,-85.1984
US,Michigan,KADG,41.8677,-84.0773
US,Michigan,KAMN,43.3221,-84.688
US,Michigan,KAPN,45.0781,-83.5603
US,Michigan,KARB,42.223,-83.7456
US,Michigan,KAZO,42.2349,-85.5521
US,Michigan,KBEH,42.1286,-86.4285
US,Michigan,KBTL,42.3073,-85.2515
US,Michigan,KCAD,44.2753,-85.4189
US,Michigan,KCIU,46.2508,-84.4724
US,Michigan,KCMX,47.1684,-88.4891
US,Michigan,KDRM,46.0093,-83.7439
US,Michigan,KDTW,42.2125,-83.3533
US,Michigan,KESC,45.7227,-87.0937
US,Michigan,KFNT,42.9654,-83.7436
US,Michigan,KGDW,43.9706,-84.475
US,Michigan,KGLR,45.0135,-84.7036
US,Michigan,KGRR,42.8808,-85.5228
US,Michigan,KHAI,41.9598,-85.5934
US,Michigan,KHLM,42.7959,-86.162
US,Michigan,KHTL,44.3598,-84.6711
US,Michigan,KIMT,45.8184,-88.1145
US,Michigan,KIRS,41.8133,-85.439
US,Michigan,KISQ,45.9746,-86.1718
US,Michigan,KIWD,46.5275,-90.1314
US,Michigan,KJXN,42.2598,-84.4594
US,Michigan,KLAN,42.7787,-84.5874
US,Michigan,KLDM,43.9625,-86.4079
US,Michigan,KMBL,44.2724,-86.2469
US,Michigan,KMBS,43.5329,-84.0796
US,Michigan,KMCD,45.8649,-84.6373
US,Michigan,KMKG,43.1695,-86.2382
US,Michigan,KMNM,45.1267,-87.6384
US,Michigan,KMOP,43.6217,-84.7375
US,Michigan,KSAW,46.3536,-87.3954
US,Michigan,KMTC,42.6135,-82.8369
US,Michigan,KOSC,44.4516,-83.3941
US,Michigan,KPHN,42.911,-82.5289
US,Michigan,KPLN,45.5709,-84.7967
US,Michigan,KPTK,42.6655,-83.4201
US,Michigan,KRCT,43.9,-85.5167
US,Michigan,KTVC,44.7414,-85.5822
US,Michigan,KCFS,43.4588,-83.4455
US,Michigan,KRQB,43.7226,-85.5041
US,Minnesota,KAEL,43.6815,-93.3672
US,Minnesota,KAUM,43.665,-92.9334
US,Minnesota,KAXN,45.8663,-95.3947
US,Minnesota,KBBB,45.3319,-95.6506
US,Minnesota,KBDE,48.7284,-94.6122
US,Minnesota,KBJI,47.5094,-94.9337
US,Minnesota,KBRD,46.3983,-94.1381
US,Minnesota,KCKN,47.8417,-96.6216
US,Minnesota,KDLH,46.8421,-92.1936
US,Minnesota,KDTL,46.8252,-95.8857
US,Minnesota,KEVM,47.4251,-92.4985
US,Minnesota,KFBL,44.3284,-93.3125
US,Minnesota,KFCM,44.8272,-93.4571
US,Minnesota,KFFM,46.2844,-96.1567
US,Minnesota,KFRM,43.6439,-94.4156
US,Minnesota,KGPZ,47.2111,-93.5098
US,Minnesota,KCKC,47.8383,-90.3829
US,Minnesota,KHIB,47.3866,-92.839
US,Minnesota,KBDH,45.1177,-95.1304
US,Minnesota,KINL,48.5662,-93.4031
US,Minnesota,KELO,47.8245,-91.8307
US,Minnesota,KMIC,45.062,-93.3539
US,Minnesota,KMJQ,43.65,-94.9867
US,Minnesota,KMKT,44.2216,-93.9187
US,Minnesota,KMML,44.4505,-95.8219
US,Minnesota,KMOX,45.5704,-95.9684
US,Minnesota,KMSP,44.882,-93.2218
US,Minnesota,KMVE,44.9691,-95.7103
US,Minnesota,KMWM,43.9134,-95.1094
US,Minnesota,KDVP,43.9868,-95.7826
US,Minnesota,KONA,44.0772,-91.7083
US,Minnesota,KOTG,43.6559,-95.584
US,Minnesota,KOWA,44.1234,-93.2606
US,Minnesota,KPKD,46.9006,-95.0731
US,Minnesota,KROX,48.856,-95.697
US,Minnesota,KRRT,48.9414,-95.3484
US,Minnesota,KRST,43.9083,-92.5
US,Minnesota,KRWF,44.5472,-95.0823
US,Minnesota,KSTC,45.5466,-94.0599
US,Minnesota,KSTP,44.9345,-93.06
US,Minnesota,KSYN,44.4755,-93.0163
US,Minnesota,KTVF,48.0657,-96.185
US,Minnesota,KULM,44.3196,-94.5023
US,Mississippi,KBIX,30.4104,-88.9244
US,Mississippi,KCBM,33.6438,-88.4438
US,Mississippi,KCKM,34.2997,-90.5123
US,Mississippi,KCRX,34.915,-88.6035
US,Mississippi,KMBO,32.4387,-90.1031
US,Mississippi,KGLH,33.4829,-90.9856
US,Mississippi,KGPT,30.4073,-89.0701
US,Mississippi,KGTR,33.4503,-88.5914
US,Mississippi,KGWO,33.4943,-90.0847
US,Mississippi,KHBG,31.2648,-89.2528
US,Mississippi,KHEZ,31.6137,-91.2973
US,Mississippi,KHKS,32.3345,-90.2222
US,Mississippi,KJAN,32.3112,-90.0759
US,Mississippi,KLMS,33.1462,-89.0625
US,Mississippi,KLUL,31.6726,-89.1722
US,Mississippi,KMCB,31.1785,-90.4719
US,Mississippi,KMEI,32.3326,-88.7519
US,Mississippi,KMMS,34.2315,-90.2896
US,Mississippi,KOLV,34.9787,-89.7869
US,Mississippi,KOSX,33.09,-89.5409
US,Mississippi,KPQL,30.4628,-88.5292
US,Mississippi,KPIB,31.4671,-89.3371
US,Mississippi,KTUP,34.2681,-88.7699
US,Mississippi,KUBS,33.4654,-88.3803
US,Mississippi,KUOX,34.3843,-89.5368
US,Mississippi,KUTA,34.681,-90.3467
US,Mississippi,KVKS,32.2393,-90.9284
US,Missouri,KAIZ,38.096,-92.5495
US,Missouri,KBBG,36.5321,-93.2005
US,Missouri,KBUM,38.2898,-94.3401
US,Missouri,KCGI,37.2253,-89.5708
US,Missouri,KCOU,38.8181,-92.2196
US,Missouri,KDMO,38.7074,-93.1759
US,Missouri,KEOS,36.8065,-94.391
US,Missouri,KFAM,37.7611,-90.4286
US,Missouri,KIRK,40.0935,-92.5449
US,Missouri,KJEF,38.5912,-92.1561
US,Missouri,KJLN,37.1518,-94.4983
US,Missouri,PFKK,59.4332,-154.804
US,Missouri,KTKX,36.2259,-90.0366
US,Missouri,KMAW,36.6006,-89.9922
US,Missouri,KMBY,39.4639,-92.427
US,Missouri,KMCI,39.2976,-94.7139
US,Missouri,KMHL,39.0958,-93.2029
US,Missouri,KMKC,39.1232,-94.5928
US,Missouri,KNVD,37.853,-94.3045
US,Missouri,KPLK,36.6259,-93.2289
US,Missouri,KPOF,36.7739,-90.3249
US,Missouri,KSGF,37.2457,-93.3886
US,Missouri,KSIK,36.8989,-89.5618
US,Missouri,KSTJ,39.7719,-94.9097
US,Missouri,KSTL,38.7487,-90.37
US,Missouri,KSUS,38.6621,-90.652
US,Missouri,KSZL,38.7303,-93.5479
US,Missouri,KTBN,37.7416,-92.1407
US,Missouri,KTRX,40.0836,-93.5908
US,Missouri,KVIH,38.1274,-91.7695
US,Montana,KBIL,45.8077,-108.543
US,Montana,KBTM,45.9548,-112.497
US,Montana,KBZN,45.7775,-111.153
US,Montana,KCTB,48.6084,-112.376
US,Montana,KDLN,45.2554,-112.553
US,Montana,KGPI,48.3105,-114.256
US,Montana,KGDV,47.1387,-104.807
US,Montana,KGGW,48.2125,-106.615
US,Montana,KGTF,47.482,-111.371
US,Montana,KHLN,46.6068,-111.983
US,Montana,KHVR,48.543,-109.762
US,Montana,KJDN,47.3288,-106.953
US,Montana,KLVM,45.6994,-110.448
US,Montana,KLWT,47.0493,-109.467
US,Montana,KMLS,46.428,-105.886
US,Montana,KMSO,46.9163,-114.091
US,Montana,KOLF,48.0945,-105.575
US,Montana,KPWD,48.7903,-104.534
US,Montana,KRPX,46.4751,-108.541
US,Montana,KSBX,48.5407,-111.871
US,Montana,KSDY,47.7069,-104.193
US,Montana,KTHM,47.5735,-115.281
US,Montana,KWYS,44.6884,-111.118
US,Nebraska,KAIA,42.0532,-102.804
US,Nebraska,KANW,42.5792,-99.993
US,Nebraska,KBBW,41.4365,-99.6422
US,Nebraska,KBFF,41.874,-103.596
US,Nebraska,KBIE,40.3013,-96.7541
US,Nebraska,KBUB,41.7767,-99.1497
US,Nebraska,KCDR,42.8376,-103.095
US,Nebraska,KEAR,40.727,-99.0068
US,Nebraska,KFBY,40.183,-97.1693
US,Nebraska,KFET,41.4491,-96.5202
US,Nebraska,KGRI,40.9675,-98.3096
US,Nebraska,KGRN,42.806,-102.175
US,Nebraska,KHDE,40.4521,-99.3365
US,Nebraska,KHSI,40.6053,-98.4279
US,Nebraska,40.5093,-101.621
US,Nebraska,KLBF,41.1262,-100.684
US,Nebraska,KLNK,40.851,-96.7592
US,Nebraska,KLXN,40.791,-99.7773
US,Nebraska,KMCK,40.2063,-100.592
US,Nebraska,KMHN,42.0422,-101.059
US,Nebraska,KMLE,41.195,-96.1148
US,Nebraska,KOFF,41.1183,-95.9125
US,Nebraska,KOFK,41.9855,-97.4351
US,Nebraska,KOGA,41.1195,-101.77
US,Nebraska,KOKS,41.401,-102.355
US,Nebraska,KOLU,41.448,-97.3426
US,Nebraska,KONL,42.4699,-98.6881
US,Nebraska,KSCB,41.6103,-96.6299
US,Nebraska,KSNY,41.1013,-102.985
US,Nebraska,KVTN,42.8578,-100.548
US,Nevada,KBAM,40.599,-116.874
US,Nevada,KBTY,36.8611,-116.787
US,Nevada,KCXP,39.1922,-119.734
US,Nevada,KDRA,36.6194,-116.033
US,Nevada,KEKO,40.8249,-115.792
US,Nevada,KELY,39.2997,-114.842
US,Nevada,KFLX,39.4991,-118.749
US,Nevada,KGAB,38.9241,-117.959
US,Nevada,KHND,35.9728,-115.134
US,Nevada,KHTH,38.5444,-118.634
US,Nevada,KINS,36.5872,-115.673
US,Nevada,KLAS,36.0801,-115.152
US,Nevada,KLOL,40.0664,-118.565
US,Nevada,KLSV,36.2362,-115.034
US,Nevada,KLWL,41.1171,-114.922
US,Nevada,KMEV,39.0003,-119.751
US,Nevada,KNFL,39.4166,-118.701
US,Nevada,KRNO,39.4991,-119.768
US,Nevada,KTPH,38.0602,-117.087
US,Nevada,KUCC,36.9458,-116.038
US,Nevada,KVGT,36.2107,-115.194
US,Nevada,KWMC,40.8966,-117.806
US,Nevada,KTNX,37.7988,-116.781
US,New Hampshire,KAFN,42.8051,-72.003
US,New Hampshire,KASH,42.7817,-71.5148
US,New Hampshire,KBML,44.5754,-71.1759
US,New Hampshire,KCNH,43.3704,-72.3687
US,New Hampshire,KCON,43.2027,-71.5023
US,New Hampshire,KEEN,42.8984,-72.2708
US,New Hampshire,KERR,44.7925,-71.1642
US,New Hampshire,KHIE,44.3676,-71.5445
US,New Hampshire,KLCI,43.5727,-71.4189
US,New Hampshire,KLEB,43.6261,-72.3042
US,New Hampshire,KMHT,42.9326,-71.4357
US,New Hampshire,KPSM,43.0779,-70.8233
US,New Jersey,KACY,39.4576,-74.5772
US,New Jersey,KBLM,40.1869,-74.1249
US,New Jersey,KCDW,40.8752,-74.2814
US,New Jersey,KEWR,40.6925,-74.1686
US,New Jersey,KLDJ,40.6174,-74.2446
US,New Jersey,KVAY,39.9429,-74.8457
US,New Jersey,KMIV,39.3678,-75.0722
US,New Jersey,KMJX,39.9275,-74.2924
US,New Jersey,KMMU,40.7994,-74.4149
US,New Jersey,KNEL,40.0333,-74.3533
US,New Jersey,KTEB,40.8501,-74.0608
US,New Jersey,KTTN,40.2767,-74.8135
US,New Jersey,KWRI,40.0156,-74.5917
US,New Jersey,KWWD,39.0085,-74.9083
US,New Mexico,KABQ,35.0402,-106.609
US,New Mexico,KALM,32.8399,-105.991
US,New Mexico,KATS,32.8525,-104.468
US,New Mexico,KAXX,36.422,-105.29
US,New Mexico,KCAO,36.4462,-103.167
US,New Mexico,KCNM,32.3375,-104.263
US,New Mexico,KCVN,34.4251,-103.079
US,New Mexico,KCVS,34.3828,-103.322
US,New Mexico,KDMN,32.2623,-107.721
US,New Mexico,KFMN,36.7412,-108.23
US,New Mexico,KFSU,34.4834,-104.217
US,New Mexico,KGNT,35.1673,-107.902
US,New Mexico,KGUP,35.5111,-108.789
US,New Mexico,KHMN,32.8525,-106.107
US,New Mexico,KHOB,32.6875,-103.217
US,New Mexico,KLAM,35.8798,-106.269
US,New Mexico,KLRU,32.2894,-106.922
US,New Mexico,KLSB,32.3335,-108.692
US,New Mexico,KLVS,35.6542,-105.142
US,New Mexico,KONM,34.024,-106.898
US,New Mexico,KROW,33.3016,-104.531
US,New Mexico,KRTN,36.7415,-104.502
US,New Mexico,KSRR,33.4628,-105.535
US,New Mexico,KSAF,35.6171,-106.089
US,New Mexico,KSVC,32.6365,-108.156
US,New Mexico,KTCC,35.1828,-103.603
US,New Mexico,KTCS,33.2369,-107.272
US,New Mexico,KSKX,36.4582,-105.672
US,New Mexico,KWSD,32.3415,-106.403
US,New York,KALB,42.7483,-73.8017
US,New York,KART,43.9919,-76.0217
US,New York,KBGM,42.2087,-75.9798
US,New York,KBUF,42.9405,-78.7322
US,New York,KDKK,42.4933,-79.272
US,New York,KDSV,42.5709,-77.7131
US,New York,KELM,42.1599,-76.8916
US,New York,KELZ,42.1095,-77.99
US,New York,KFOK,40.8437,-72.6318
US,New York,KFRG,40.7288,-73.4134
US,New York,KGFL,43.3412,-73.6103
US,New York,KHPN,41.067,-73.7076
US,New York,KHTO,40.9596,-72.2518
US,New York,KIAG,43.1073,-78.9462
US,New York,KISP,40.7952,-73.1002
US,New York,KITH,42.491,-76.4584
US,New York,KJFK,40.6397,-73.7789
US,New York,KJHW,42.1534,-79.258
US,New York,KLGA,40.775,-73.875
US,New York,KLKP,44.2645,-73.9619
US,New York,KMGJ,41.51,-74.2646
US,New York,KMSS,44.9358,-74.8456
US,New York,KMSV,41.7016,-74.795
US,New York,KMTP,41.0765,-71.9208
US,New York,KOGS,44.6819,-75.4655
US,New York,KOIC,42.5666,-75.5241
US,New York,KOLE,42.2422,-78.3716
US,New York,KPBG,44.6509,-73.4681
US,New York,KPOU,41.6266,-73.8842
US,New York,KRME,43.2338,-75.407
US,New York,KROC,43.1189,-77.6724
US,New York,KSCH,42.8525,-73.9289
US,New York,KSLK,44.3853,-74.2062
US,New York,KSWF,41.5042,-74.1047
US,New York,KSYR,43.1112,-76.1063
US,New York,KHWV,40.8219,-72.8694
US,North Carolina,KAVL,35.4362,-82.5418
US,North Carolina,KCLT,35.214,-80.9431
US,North Carolina,KCTZ,34.9756,-78.3646
US,North Carolina,KECG,36.2606,-76.1746
US,North Carolina,KEDE,36.0277,-76.5671
US,North Carolina,KEWN,35.073,-77.0429
US,North Carolina,KFAY,34.9912,-78.8803
US,North Carolina,KFBG,35.1318,-78.9367
US,North Carolina,KFFA,36.0182,-75.6713
US,North Carolina,KGSB,35.3394,-77.9606
US,North Carolina,KGSO,36.0978,-79.9373
US,North Carolina,KHFF,35.0363,-79.4978
US,North Carolina,KHKY,35.7411,-81.3895
US,North Carolina,KHSE,35.2328,-75.6178
US,North Carolina,KUKF,36.2228,-81.0983
US,North Carolina,KILM,34.2706,-77.9026
US,North Carolina,KINT,36.1337,-80.222
US,North Carolina,KISO,35.3314,-77.6088
US,North Carolina,KLBT,34.6099,-79.0594
US,North Carolina,KLHZ,36.0233,-78.3303
US,North Carolina,KMQI,35.919,-75.6955
US,North Carolina,KMRN,35.8202,-81.6114
US,North Carolina,KMEB,34.7919,-79.3658
US,North Carolina,KOAJ,34.8292,-77.6121
US,North Carolina,KOCW,35.5705,-77.0498
US,North Carolina,KPGV,35.6352,-77.3853
US,North Carolina,KPOB,35.1709,-79.0145
US,North Carolina,KRDU,35.8776,-78.7875
US,North Carolina,KRWI,35.8563,-77.8919
US,North Carolina,KRZZ,36.4395,-77.7093
US,North Carolina,KSOP,35.2374,-79.3912
US,North Carolina,KRUQ,35.6459,-80.5203
US,North Carolina,KSVH,35.7653,-80.9539
US,North Carolina,KJQF,35.3878,-80.7091
US,North Dakota,KASY,46.0239,-99.3526
US,North Dakota,KBIS,46.7727,-100.746
US,North Dakota,KBPP,46.1655,-103.301
US,North Dakota,KDIK,46.7974,-102.802
US,North Dakota,KDVL,48.1142,-98.9088
US,North Dakota,KFAR,46.9207,-96.8158
US,North Dakota,KGFK,47.9493,-97.1761
US,North Dakota,KISN,48.1779,-103.642
US,North Dakota,KJMS,46.9297,-98.6782
US,North Dakota,KMIB,48.4156,-101.358
US,North Dakota,KMOT,48.2594,-101.28
US,North Dakota,KPMB,48.9425,-97.2408
US,North Dakota,KRDR,47.9611,-97.4012
US,North Dakota,KBWP,46.2441,-96.6074
US,North Dakota,KXWA,48.2597,-103.751
US,Ohio,KAKR,41.0375,-81.4669
US,Ohio,KAOH,40.7069,-84.0267
US,Ohio,KUNI,39.211,-82.2314
US,Ohio,KAXV,40.4934,-84.2989
US,Ohio,KBJJ,40.8748,-81.8883
US,Ohio,KBKL,41.5175,-81.6833
US,Ohio,KCAK,40.9161,-81.4422
US,Ohio,KCGF,41.5651,-81.4864
US,Ohio,KCLE,41.4117,-81.8498
US,Ohio,KCMH,39.998,-82.8919
US,Ohio,KDAY,39.9024,-84.2194
US,Ohio,KDFI,41.3375,-84.4288
US,Ohio,KFDY,41.0135,-83.6687
US,Ohio,KFFO,39.8261,-84.0483
US,Ohio,KGQQ,40.7534,-82.7238
US,Ohio,KHAO,39.3638,-84.522
US,Ohio,KHTW,38.4193,-82.4943
US,Ohio,KILN,39.4279,-83.7921
US,Ohio,KHZY,41.778,-80.6955
US,Ohio,KLCK,39.8138,-82.9278
US,Ohio,KLNN,41.684,-81.3897
US,Ohio,KLUK,39.1033,-84.4186
US,Ohio,KMFD,40.8214,-82.5166
US,Ohio,KMGY,39.589,-84.2249
US,Ohio,KMNN,40.6162,-83.0635
US,Ohio,KMWO,39.531,-84.3953
US,Ohio,KOSU,40.0798,-83.073
US,Ohio,KOXD,39.5023,-84.7844
US,Ohio,KPHD,40.4709,-81.4197
US,Ohio,KPMH,38.8405,-82.8473
US,Ohio,KSGH,39.8403,-83.8402
US,Ohio,KSKY,41.4333,-82.6522
US,Ohio,KTDZ,41.5649,-83.4823
US,Ohio,KTOL,41.5868,-83.8078
US,Ohio,KYNG,41.2607,-80.6791
US,Ohio,KZZV,39.9444,-81.8921
US,Oklahoma,KADM,34.303,-97.0196
US,Oklahoma,KADH,34.8043,-96.6713
US,Oklahoma,KAXS,34.698,-99.3385
US,Oklahoma,KBVO,36.7625,-96.0112
US,Oklahoma,KBKN,36.7959,-97.317
US,Oklahoma,KCHK,35.0974,-97.9677
US,Oklahoma,KCKA,36.7439,-98.1231
US,Oklahoma,KCLK,35.5383,-98.9327
US,Oklahoma,KCSM,35.3398,-99.2005
US,Oklahoma,KCUH,35.9499,-96.7731
US,Oklahoma,KDUA,33.9423,-96.3945
US,Oklahoma,KDUC,34.4709,-97.9599
US,Oklahoma,KELK,35.4308,-99.3943
US,Oklahoma,KEND,36.3392,-97.9165
US,Oklahoma,KFDR,34.352,-98.9839
US,Oklahoma,KFSI,34.6498,-98.4022
US,Oklahoma,KGAG,36.2955,-99.7764
US,Oklahoma,KGOK,35.8498,-97.4156
US,Oklahoma,KGUY,36.6851,-101.508
US,Oklahoma,KHBR,34.9913,-99.0513
US,Oklahoma,KHHW,34.0348,-95.5419
US,Oklahoma,KLAW,34.5677,-98.4166
US,Oklahoma,KLTS,34.6671,-99.2667
US,Oklahoma,KMIO,36.9092,-94.8875
US,Oklahoma,KMKO,35.6565,-95.3667
US,Oklahoma,KMLC,34.8824,-95.7835
US,Oklahoma,KOKC,35.3931,-97.6007
US,Oklahoma,KOKM,35.6681,-95.9487
US,Oklahoma,KOUN,35.2456,-97.4721
US,Oklahoma,KPNC,36.732,-97.0998
US,Oklahoma,KPWA,35.5342,-97.6471
US,Oklahoma,KRKR,35.0216,-94.6213
US,Oklahoma,KRVS,36.0396,-95.9846
US,Oklahoma,KSNL,35.3579,-96.9428
US,Oklahoma,KSUD,35.7896,-96.6557
US,Oklahoma,KSWO,36.1612,-97.0857
US,Oklahoma,KTIK,35.4147,-97.3866
US,Oklahoma,KTUL,36.1984,-95.8881
US,Oklahoma,KWDG,36.3792,-97.7911
US,Oklahoma,KWWR,36.438,-99.5227
US,Oregon,KAST,46.158,-123.879
US,Oregon,KBKE,44.8373,-117.809
US,Oregon,KBNO,43.5919,-118.955
US,Oregon,KBOK,42.0746,-124.29
US,Oregon,KCVO,44.4972,-123.29
US,Oregon,KCZK,45.6769,-121.879
US,Oregon,KDLS,45.6185,-121.167
US,Oregon,KEUG,44.1246,-123.212
US,Oregon,KHRI,45.8282,-119.259
US,Oregon,KHIO,45.5404,-122.95
US,Oregon,KGCD,44.4042,-118.963
US,Oregon,KLGD,45.2902,-118.007
US,Oregon,KLKV,42.1611,-120.399
US,Oregon,KLMT,42.1561,-121.733
US,Oregon,KMFR,42.3742,-122.873
US,Oregon,KONO,44.0205,-117.014
US,Oregon,KONP,44.5804,-124.058
US,Oregon,KOTH,43.4171,-124.246
US,Oregon,KTMK,45.4182,-123.814
US,Oregon,KPDT,45.6951,-118.841
US,Oregon,KPDX,45.5887,-122.598
US,Oregon,KPFC,45.1998,-123.962
US,Oregon,KRBG,43.2388,-123.356
US,Oregon,KRDM,44.2541,-121.15
US,Oregon,KREO,42.5777,-117.885
US,Oregon,KSLE,44.9095,-123.003
US,Oregon,KTTD,45.5494,-122.401
US,Pennsylvania,KABE,40.6521,-75.4408
US,Pennsylvania,KAGC,40.3544,-79.9302
US,Pennsylvania,KAOO,40.2964,-78.32
US,Pennsylvania,KAVP,41.3385,-75.7234
US,Pennsylvania,KLOM,40.1375,-75.2651
US,Pennsylvania,KBFD,41.8031,-78.6401
US,Pennsylvania,KBVI,40.7725,-80.3914
US,Pennsylvania,KBTP,40.7769,-79.9497
US,Pennsylvania,KMQS,39.979,-75.8655
US,Pennsylvania,KDUJ,41.1783,-78.8987
US,Pennsylvania,KDYL,40.333,-75.1223
US,Pennsylvania,KERI,42.0831,-80.1739
US,Pennsylvania,KFKL,41.3779,-79.8604
US,Pennsylvania,KCXY,40.2171,-76.8515
US,Pennsylvania,KHZL,40.9868,-75.9949
US,Pennsylvania,KIDI,40.6322,-79.1055
US,Pennsylvania,KIPT,41.2418,-76.9211
US,Pennsylvania,KJST,40.3161,-78.8339
US,Pennsylvania,KLBE,40.2759,-79.4048
US,Pennsylvania,KLHV,41.1356,-77.4223
US,Pennsylvania,KLNS,40.1217,-76.2961
US,Pennsylvania,KMDT,40.1935,-76.7634
US,Pennsylvania,KGKJ,41.6265,-80.2147
US,Pennsylvania,KMPO,41.1375,-75.3789
US,Pennsylvania,KMUI,40.4348,-76.5694
US,Pennsylvania,KPHL,39.8719,-75.2411
US,Pennsylvania,KPIT,40.4915,-80.2329
US,Pennsylvania,KPNE,40.0819,-75.0106
US,Pennsylvania,KPSB,40.8835,-78.0863
US,Pennsylvania,KPTW,40.2396,-75.5567
US,Pennsylvania,KRDG,40.3785,-75.9652
US,Pennsylvania,KRVL,40.6774,-77.6268
US,Pennsylvania,KUNV,40.8493,-77.8487
US,Pennsylvania,KSEG,40.8206,-76.8639
US,Pennsylvania,KOYM,41.4125,-78.5026
US,Pennsylvania,KTHV,39.917,-76.873
US,Pennsylvania,KUKT,40.4352,-75.3819
US,Pennsylvania,KWAY,39.9001,-80.1331
US,Pennsylvania,KWBW,41.2972,-75.8512
US,Pennsylvania,KAFJ,40.1365,-80.2902
US,Rhode Island,KBID,41.1681,-71.5778
US,Rhode Island,KOQU,41.5971,-71.4121
US,Rhode Island,KUUU,41.5324,-71.2815
US,Rhode Island,KPVD,41.7326,-71.4204
US,Rhode Island,KSFZ,41.9208,-71.4914
US,Rhode Island,KWST,41.3496,-71.8034
US,South Carolina,KAIK,33.6494,-81.685
US,South Carolina,KAND,34.4946,-82.7094
US,South Carolina,KARW,32.4122,-80.6344
US,South Carolina,KBNL,33.2578,-81.3883
US,South Carolina,KBBP,34.6217,-79.7344
US,South Carolina,KCAE,33.9388,-81.1195
US,South Carolina,KCDN,34.2836,-80.5649
US,South Carolina,KCEU,34.6719,-82.8865
US,South Carolina,KCHS,32.8986,-80.0405
US,South Carolina,KCRE,33.8117,-78.7239
US,South Carolina,KCUB,33.9705,-80.9952
US,South Carolina,KDLC,34.4491,-79.3686
US,South Carolina,KFLO,34.1854,-79.7239
US,South Carolina,KGYH,34.7583,-82.3764
US,South Carolina,KGGE,33.3117,-79.3196
US,South Carolina,KGMU,34.8479,-82.35
US,South Carolina,KGRD,34.2487,-82.1591
US,South Carolina,KGSP,34.8957,-82.2189
US,South Carolina,KCQW,34.7129,-79.957
US,South Carolina,KHXD,32.2244,-80.6975
US,South Carolina,KHVS,34.4031,-80.1192
US,South Carolina,KMMT,33.9208,-80.8013
US,South Carolina,KMYR,33.6797,-78.9283
US,South Carolina,KOGB,33.4568,-80.8595
US,South Carolina,KRBW,32.921,-80.6406
US,South Carolina,KUZA,34.9878,-81.0572
US,South Carolina,KSSC,33.9727,-80.4706
US,South Dakota,KABR,45.4491,-98.4218
US,South Dakota,KATY,44.914,-97.1547
US,South Dakota,KBKX,44.3048,-96.8169
US,South Dakota,KFSD,43.582,-96.7419
US,South Dakota,KHON,44.3852,-98.2285
US,South Dakota,KLEM,45.9187,-102.106
US,South Dakota,KLQK,34.81,-82.7029
US,South Dakota,KMBG,45.5465,-100.408
US,South Dakota,KMHE,43.7748,-98.0386
US,South Dakota,KPHP,44.0486,-101.599
US,South Dakota,KPIR,44.3827,-100.286
US,South Dakota,KRAP,44.0453,-103.057
US,South Dakota,KRCA,44.145,-103.104
US,South Dakota,KSPF,44.4803,-103.783
US,South Dakota,KBTN,45.8152,-97.7431
US,South Dakota,KMDS,44.016,-97.0859
US,South Dakota,KIEN,43.0225,-102.511
US,South Dakota,KYKN,42.9167,-97.3859
US,Tennessee,KAPT,35.0607,-85.5853
US,Tennessee,KBNA,36.1245,-86.6782
US,Tennessee,KCHA,35.0353,-85.2038
US,Tennessee,KCKV,36.6219,-87.415
US,Tennessee,KCSV,35.9513,-85.085
US,Tennessee,KFYM,35.0597,-86.564
US,Tennessee,KGCY,36.193,-82.8151
US,Tennessee,KGHM,35.8374,-87.4454
US,Tennessee,KGKT,35.8578,-83.5287
US,Tennessee,KMEM,35.0424,-89.9767
US,Tennessee,KMKL,35.5999,-88.9156
US,Tennessee,KMMI,35.3973,-84.5626
US,Tennessee,KMOR,36.1795,-83.3752
US,Tennessee,KMQY,36.009,-86.5201
US,Tennessee,KMRC,35.5541,-87.1789
US,Tennessee,KNQA,35.3567,-89.8703
US,Tennessee,KPHT,36.3382,-88.3829
US,Tennessee,KRKW,35.9223,-84.6897
US,Tennessee,KRNC,35.6987,-85.8438
US,Tennessee,KSYI,35.5601,-86.4425
US,Tennessee,KTHA,35.3801,-86.2464
US,Tennessee,KTRI,36.4752,-82.4074
US,Tennessee,KTYS,35.811,-83.994
US,Tennessee,KUCY,36.3818,-88.9854
US,Tennessee,KUOS,35.2051,-85.8981
US,Texas,KABI,32.4113,-99.6819
US,Texas,KACT,31.6113,-97.2305
US,Texas,KADS,32.9686,-96.8364
US,Texas,KAFW,32.9876,-97.3188
US,Texas,KALI,27.7409,-98.0269
US,Texas,KAMA,35.2194,-101.706
US,Texas,KASL,32.5205,-94.3078
US,Texas,KAUS,30.1945,-97.6699
US,Texas,KBYY,28.9733,-95.8635
US,Texas,KBBD,31.1793,-99.3239
US,Texas,KBGD,35.7009,-101.394
US,Texas,KBIF,31.8495,-106.38
US,Texas,KBKD,32.719,-98.891
US,Texas,KBMT,30.0707,-94.2158
US,Texas,KBPT,29.9508,-94.0207
US,Texas,KBRO,25.9068,-97.4259
US,Texas,KBWD,31.7936,-98.9565
US,Texas,KCDS,34.4338,-100.288
US,Texas,KCFD,30.7157,-96.3314
US,Texas,KCLL,30.5886,-96.3638
US,Texas,KCNW,31.6378,-97.0741
US,Texas,KCOM,31.8411,-99.4036
US,Texas,KCOT,28.4567,-99.2203
US,Texas,KCRP,27.7704,-97.5012
US,Texas,KCRS,32.0281,-96.4006
US,Texas,KCXO,30.3518,-95.4145
US,Texas,KCZT,28.5222,-99.8236
US,Texas,KDAL,32.8471,-96.8518
US,Texas,KDFW,32.8968,-97.038
US,Texas,KDHT,36.0226,-102.547
US,Texas,KDLF,29.3595,-100.778
US,Texas,KDRT,29.3742,-100.927
US,Texas,KDWH,30.0618,-95.5528
US,Texas,KDYS,32.4208,-99.8546
US,Texas,KEFD,29.6073,-95.1588
US,Texas,KELA,29.6006,-96.3219
US,Texas,KELP,31.8072,-106.378
US,Texas,KERV,29.9767,-99.0857
US,Texas,KETN,32.4135,-98.8098
US,Texas,KFST,30.9157,-102.916
US,Texas,KFTW,32.8198,-97.3624
US,Texas,KNFW,32.7692,-97.4415
US,Texas,KGGG,32.384,-94.7115
US,Texas,KGLE,33.6514,-97.197
US,Texas,KGLS,29.2653,-94.8604
US,Texas,KGRK,31.0672,-97.8289
US,Texas,KGVT,33.0678,-96.0653
US,Texas,KBPG,32.2126,-101.522
US,Texas,KHLR,31.1387,-97.7145
US,Texas,KHOU,29.6454,-95.2789
US,Texas,KHPY,29.7861,-94.9527
US,Texas,KHRL,26.2285,-97.6544
US,Texas,KUTS,30.7469,-95.5872
US,Texas,KIAH,29.9844,-95.3414
US,Texas,KILE,31.0858,-97.6865
US,Texas,KINK,31.7796,-103.201
US,Texas,KIWS,29.8182,-95.6726
US,Texas,KJAS,30.8857,-94.0349
US,Texas,KJCT,30.5113,-99.7635
US,Texas,KJSO,31.8693,-95.2174
US,Texas,KCWC,33.8578,-98.4904
US,Texas,KLBB,33.6636,-101.823
US,Texas,KLFK,31.234,-94.75
US,Texas,KLBX,29.1086,-95.4621
US,Texas,KLRD,27.5438,-99.4616
US,Texas,KMAF,31.9425,-102.202
US,Texas,KMDD,32.0365,-102.101
US,Texas,KMFE,26.1758,-98.2386
US,Texas,KOSA,32.8981,-79.7828
US,Texas,KMRF,30.3711,-104.018
US,Texas,KMWL,32.7816,-98.0602
US,Texas,KNGP,27.6926,-97.2911
US,Texas,KNGW,27.7027,-97.4389
US,Texas,KNQI,27.5072,-97.8097
US,Texas,KOCH,31.578,-94.7095
US,Texas,KONY,33.3522,-98.7915
US,Texas,KOZA,30.7353,-101.203
US,Texas,KPEQ,31.3824,-103.511
US,Texas,KGYI,33.7141,-96.6737
US,Texas,KPPA,35.613,-100.996
US,Texas,KPRX,33.6366,-95.4508
US,Texas,KPSN,31.7797,-95.7063
US,Texas,KPSX,28.7275,-96.251
US,Texas,KPVW,34.1681,-101.717
US,Texas,KRBD,32.6809,-96.8682
US,Texas,KRCK,30.6316,-96.9897
US,Texas,KRFG,28.2886,-97.318
US,Texas,KRKP,28.0868,-97.0446
US,Texas,KRND,29.5297,-98.2789
US,Texas,KSAT,29.5337,-98.4698
US,Texas,KSEP,32.2153,-98.1777
US,Texas,KSGR,29.6223,-95.6565
US,Texas,KSJT,31.3577,-100.496
US,Texas,KSKF,29.3842,-98.5811
US,Texas,KSLR,33.1598,-95.6211
US,Texas,KSNK,32.6934,-100.95
US,Texas,KSPS,33.9888,-98.4919
US,Texas,KSSF,29.337,-98.4711
US,Texas,KSWW,32.4674,-100.467
US,Texas,KTDW,35.1699,-101.826
US,Texas,KTPL,31.1525,-97.4078
US,Texas,KTRL,32.7092,-96.2674
US,Texas,KTYR,32.3541,-95.4024
US,Texas,KUVA,29.2113,-99.7436
US,Texas,KVCT,28.8526,-96.9185
US,Texas,KVHN,31.0578,-104.784
US,Texas,KWEA,32.7463,-97.6824
US,Texas,KARM,29.2543,-96.1544
US,Utah,KBCE,37.7064,-112.145
US,Utah,KBDG,37.5833,-109.483
US,Utah,KBMC,41.5524,-112.062
US,Utah,KBTF,40.8694,-111.927
US,Utah,KCDC,37.701,-113.099
US,Utah,KCNY,38.755,-109.755
US,Utah,KDPG,40.1994,-112.937
US,Utah,KDTA,39.3806,-112.508
US,Utah,KENV,40.7187,-114.031
US,Utah,KFOM,38.9583,-112.363
US,Utah,KHIF,41.124,-111.973
US,Utah,KHVE,38.418,-110.704
US,Utah,KKNB,37.0106,-112.531
US,Utah,KLGU,41.7912,-111.852
US,Utah,KMLF,38.6097,-112.986
US,Utah,KOGD,41.1959,-112.012
US,Utah,KPUC,39.6139,-110.751
US,Utah,KPVU,40.2192,-111.723
US,Utah,KRIF,38.7364,-112.099
US,Utah,KSGU,37.0364,-113.51
US,Utah,KSLC,40.7884,-111.978
US,Utah,KVEL,40.4409,-109.51
US,Vermont,KBTV,44.4719,-73.1533
US,Vermont,KEFK,44.8888,-72.2292
US,Vermont,KCDA,44.5691,-72.018
US,Vermont,KMPV,44.2035,-72.5623
US,Vermont,KMVL,44.5346,-72.614
US,Vermont,KRUT,43.5294,-72.9496
US,Vermont,KVSF,43.3436,-72.5173
US,Virginia,KAPH,38.0689,-77.3183
US,Virginia,KBCB,37.2076,-80.4078
US,Virginia,KBKT,37.0742,-77.9575
US,Virginia,KCHO,38.1386,-78.4529
US,Virginia,KDAA,38.715,-77.181
US,Virginia,KDAN,36.5729,-79.3361
US,Virginia,KDCA,38.8522,-77.0378
US,Virginia,KNDY,38.3325,-77.0372
US,Virginia,KFAF,37.1325,-76.6088
US,Virginia,KFKN,36.6981,-76.9038
US,Virginia,KFRR,38.9175,-78.2535
US,Virginia,KGVE,38.156,-78.1658
US,Virginia,KHSP,37.9514,-79.8339
US,Virginia,KIAD,38.9445,-77.4558
US,Virginia,KLFI,37.0829,-76.3605
US,Virginia,KLNP,36.9875,-82.53
US,Virginia,KLKU,38.0098,-77.9701
US,Virginia,KLVL,36.7728,-77.7943
US,Virginia,KLYH,37.3267,-79.2004
US,Virginia,KMFV,37.6469,-75.7611
US,Virginia,KHEF,38.7214,-77.5154
US,Virginia,KNGU,36.9376,-76.2893
US,Virginia,KNTU,36.8207,-76.0335
US,Virginia,KNYG,38.5017,-77.3053
US,Virginia,KORF,36.8946,-76.2012
US,Virginia,KPHF,37.1319,-76.493
US,Virginia,KPSK,37.1373,-80.6785
US,Virginia,KPTB,37.1838,-77.5074
US,Virginia,KRIC,37.5052,-77.3197
US,Virginia,KROA,37.3255,-79.9754
US,Virginia,KSHD,38.2638,-78.8964
US,Virginia,KVJI,36.6871,-82.0333
US,Virginia,KWAL,37.9402,-75.4664
US,Virginia,KOKV,39.1435,-78.1444
US,Washington,KALW,46.0949,-118.288
US,Washington,KBFI,47.53,-122.302
US,Washington,KBLI,48.7928,-122.538
US,Washington,KCLM,48.1202,-123.5
US,Washington,KCLS,46.677,-122.983
US,Washington,KEAT,47.3989,-120.207
US,Washington,KELN,47.033,-120.531
US,Washington,KEPH,47.3076,-119.516
US,Washington,KORS,48.7082,-122.91
US,Washington,KESW,47.2542,-121.186
US,Washington,KFHR,48.522,-123.024
US,Washington,KGEG,47.6199,-117.534
US,Washington,KGRF,47.0792,-122.581
US,Washington,KHQM,46.9712,-123.937
US,Washington,KKLS,46.118,-122.898
US,Washington,KBVS,48.4709,-122.421
US,Washington,KMWH,47.2077,-119.32
US,Washington,KNUW,48.3518,-122.656
US,Washington,KOKH,48.2515,-122.674
US,Washington,KOLM,46.9694,-122.903
US,Washington,KOMK,48.4644,-119.518
US,Washington,KPAE,47.9063,-122.282
US,Washington,KPSC,46.2647,-119.119
US,Washington,KPUW,46.7439,-117.11
US,Washington,KPWT,47.4902,-122.765
US,Washington,KRLD,46.3056,-119.304
US,Washington,KRNT,47.4931,-122.216
US,Washington,KSEA,47.449,-122.309
US,Washington,KSFF,47.6828,-117.323
US,Washington,KSHN,47.2336,-123.148
US,Washington,KSKA,47.6151,-117.656
US,Washington,KTCM,47.1377,-122.476
US,Washington,KTDO,46.4772,-122.806
US,Washington,KTIW,47.2679,-122.578
US,Washington,KUIL,47.9366,-124.563
US,Washington,KYKM,46.5682,-120.544
US,West Virginia,KBKW,37.7873,-81.1242
US,West Virginia,KBLF,37.2958,-81.2077
US,West Virginia,KCKB,39.2966,-80.2281
US,West Virginia,KCRW,38.3731,-81.5932
US,West Virginia,KEKN,38.8894,-79.8571
US,West Virginia,KHLG,40.175,-80.6463
US,West Virginia,KHTS,38.3667,-82.558
US,West Virginia,KLWB,37.8583,-80.3995
US,West Virginia,KMGW,39.6429,-79.9163
US,West Virginia,KMRB,39.4019,-77.9846
US,West Virginia,KPKB,39.3451,-81.4392
US,Wisconsin,KAHH,45.2811,-92.3754
US,Wisconsin,KARV,45.9279,-89.7309
US,Wisconsin,KASX,46.5485,-90.919
US,Wisconsin,KATW,44.2581,-88.5191
US,Wisconsin,KAUW,44.9262,-89.6266
US,Wisconsin,KCLI,44.6138,-88.7313
US,Wisconsin,KCMY,43.9583,-90.7379
US,Wisconsin,KCWA,44.7776,-89.6668
US,Wisconsin,KEAU,44.8658,-91.4843
US,Wisconsin,KEGV,45.9323,-89.2683
US,Wisconsin,KENW,42.5957,-87.9278
US,Wisconsin,KETB,43.4222,-88.1279
US,Wisconsin,KFLD,43.7712,-88.4884
US,Wisconsin,KGRB,44.4851,-88.1296
US,Wisconsin,KGTG,45.7981,-92.6644
US,Wisconsin,KHYR,46.0252,-91.4443
US,Wisconsin,KISW,44.3603,-89.839
US,Wisconsin,KJVL,42.6203,-89.0416
US,Wisconsin,KLNR,43.2117,-90.1816
US,Wisconsin,KLSE,43.879,-91.2567
US,Wisconsin,KMDZ,45.101,-90.3033
US,Wisconsin,KMFI,44.6369,-90.1893
US,Wisconsin,KMKE,42.9472,-87.8966
US,Wisconsin,KMSN,43.1399,-89.3375
US,Wisconsin,KMTW,44.1288,-87.6806
US,Wisconsin,KMWC,43.1104,-88.0344
US,Wisconsin,KOEO,45.31,-92.6919
US,Wisconsin,KOSH,43.9844,-88.557
US,Wisconsin,KPDC,43.0193,-91.1237
US,Wisconsin,KPKF,45.955,-90.4244
US,Wisconsin,KRAC,42.7606,-87.8152
US,Wisconsin,KRHI,45.6312,-89.4675
US,Wisconsin,KRPD,45.419,-91.7735
US,Wisconsin,KRNH,45.1483,-92.5381
US,Wisconsin,KRRL,45.1989,-89.7129
US,Wisconsin,KSBM,43.7696,-87.8514
US,Wisconsin,KSTE,44.5452,-89.5303
US,Wisconsin,KSUE,44.8437,-87.4215
US,Wisconsin,KSUW,46.6897,-92.0947
US,Wisconsin,KUES,43.041,-88.2371
US,Wisconsin,KUNU,43.4266,-88.7032
US,Wisconsin,KVOK,43.939,-90.2534
US,Wyoming,KAFO,42.7112,-110.942
US,Wyoming,KBPI,42.5851,-110.111
US,Wyoming,KBYG,44.3811,-106.722
US,Wyoming,KCOD,44.5202,-109.024
US,Wyoming,KCPR,42.908,-106.464
US,Wyoming,KCYS,41.1557,-104.812
US,Wyoming,KDGW,42.7972,-105.386
US,Wyoming,KEAN,42.0555,-104.929
US,Wyoming,KECS,43.8854,-104.318
US,Wyoming,KEMM,41.8241,-110.557
US,Wyoming,KEVW,41.2748,-111.035
US,Wyoming,KFBR,41.3919,-110.407
US,Wyoming,KGCC,44.3489,-105.539
US,Wyoming,KGEY,44.5168,-108.083
US,Wyoming,KJAC,43.6073,-110.738
US,Wyoming,KLAR,41.3121,-105.675
US,Wyoming,KLND,42.8152,-108.73
US,Wyoming,KLSK,42.7538,-104.405
US,Wyoming,KPOY,44.8672,-108.793
US,Wyoming,KPNA,42.7955,-109.807
US,Wyoming,KRIW,43.0642,-108.46
US,Wyoming,KRKS,41.5942,-109.065
US,Wyoming,KRWL,41.8056,-107.2
US,Wyoming,KSAA,41.4449,-106.824
US,Wyoming,KSHR,44.7692,-106.98
US,Wyoming,KTHP,43.7136,-108.39
US,Wyoming,KTOR,42.0645,-104.153
US,Wyoming,KWRL,43.9657,-107.951
